Id,Vorname,Zuname,Email,Gebdat,Besuchsjahr
1000,Jena,Kondrachenko,jkondrachenko0@nifty.com,19.03.2000,1
1001,Anitra,Masdon,amasdon1@kickstarter.com,,1
1002,Preston,Pabst,ppabst2@ucoz.ru,15.09.2000,5
1003,Lonnie,Haffner,lhaffner3@cbc.ca,12.07.2012,5
1004,Ashely,Laudham,alaudham4@hp.com,04.11.2009,6
1005,Keefer,Billham,kbillham5@360.cn,21.01.2000,5
1006,Percival,McKinless,pmckinless6@t.co,16.10.2002,4
1007,Henrie,Sutherby,hsutherby7@51.la,22.03.2012,3
1008,Millard,Tune,mtune8@typepad.com,12.07.2003,3
1009,Rachele,Lascelles,rlascelles9@blinklist.com,,4
1010,Emelyne,Lucia,,,6
1011,Sayer,Corness,scornessb@360.cn,03.07.2011,2
1012,Juliana,Haryngton,jharyngtonc@hao123.com,14.12.2010,3
1013,Mufi,Ruilton,mruiltond@microsoft.com,02.02.2008,
1014,Simon,Beetham,sbeethame@hc360.com,01.01.2010,2
1015,Lara,Fardell,lfardellf@sphinn.com,27.05.2007,4
1016,Adaline,Lavarack,alavarackg@nps.gov,,1
1017,Marian,Frise,mfriseh@si.edu,,7
1018,Bryce,Stendell,bstendelli@virginia.edu,,3
1019,Vivi,Dibden,vdibdenj@tripadvisor.com,09.05.2008,
1020,Mabelle,Eskrigge,meskriggek@i2i.jp,10.04.2008,
1021,Norri,Basketter,nbasketterl@people.com.cn,03.04.2001,4
1022,Geoffrey,Hambrick,ghambrickm@devhub.com,19.06.2009,2
1023,Christin,Turbern,cturbernn@wikimedia.org,04.08.2004,1
1024,Alverta,Perkis,aperkiso@kickstarter.com,21.12.2012,7
1025,Celinka,Tew,ctewp@seattletimes.com,18.06.2000,2
1026,Letisha,Gossage,lgossageq@sina.com.cn,05.06.2000,6
1027,Maitilde,Kitter,,02.09.2009,3
1028,Clementia,Andrick,candricks@homestead.com,07.03.1998,2
1029,Jaye,Walczynski,jwalczynskit@epa.gov,,6
